"","emp_id","emp_name","gender","email","d_id"
"1",1,"Jerry","M","jerry@atguigu.com",1
"2",2,"Jerry","M","Jerry@atguigu.com",2
"3",3,"44226","M","44226@atguigu.com",1
"4",9,"6a8ec","M","6a8ec@atguigu",1
"5",10,"608c9","M","608c9@atguigu",1
"6",11,"b964b","M","b964b@atguigu",1
"7",12,"2c7cc","M","2c7cc@atguigu",1
"8",13,"2fe44","M","2fe44@atguigu",1
"9",14,"4f51d","M","4f51d@atguigu",1
"10",15,"0792a","M","0792a@atguigu",1
"11",16,"faa39","M","faa39@atguigu",1
"12",17,"f7180","M","f7180@atguigu",1
"13",18,"606a1","M","606a1@atguigu",1
"14",19,"d001f","M","d001f@atguigu",1
"15",21,"8f828","M","8f828@atguigu",1
"16",22,"67e25","M","67e25@atguigu",1
"17",23,"8d608","M","8d608@atguigu",1
"18",24,"c95bc","M","c95bc@atguigu",1
"19",25,"205e7","M","205e7@atguigu",1
"20",27,"c6876","M","c6876@atguigu",1
"21",28,"d5dbf","M","d5dbf@atguigu",1
"22",29,"78f4c","M","78f4c@atguigu",1
"23",30,"bdc19","M","bdc19@atguigu",1
"24",32,"9bfd3","M","9bfd3@atguigu",1
"25",33,"f7220","M","f7220@atguigu",1
"26",34,"b5a52","M","b5a52@atguigu",1
"27",35,"5e530","M","5e530@atguigu",1
"28",36,"a8acd","M","a8acd@atguigu",1
"29",37,"98e08","M","98e08@atguigu",1
"30",38,"8be72","M","8be72@atguigu",1
"31",39,"d6305","M","d6305@atguigu",1
"32",40,"909c7","M","909c7@atguigu",1
"33",41,"4d851","M","4d851@atguigu",1
"34",42,"94f30","M","94f30@atguigu",1
"35",43,"293ce","M","293ce@atguigu",1
"36",44,"0619e","M","0619e@atguigu",1
"37",45,"2836b","M","2836b@atguigu",1
"38",46,"409e5","M","409e5@atguigu",1
"39",47,"31ca2","M","31ca2@atguigu",1
"40",48,"e7005","M","e7005@atguigu",1
"41",49,"b7653","M","b7653@atguigu",1
"42",50,"208e9","M","208e9@atguigu",1
"43",51,"189c4","M","189c4@atguigu",1
"44",52,"2e4c5","M","2e4c5@atguigu",1
"45",53,"4847f","M","4847f@atguigu",1
"46",54,"2c682","M","2c682@atguigu",1
"47",55,"bc7aa","M","bc7aa@atguigu",1
"48",56,"1a4e6","M","1a4e6@atguigu",1
"49",57,"a0a60","M","a0a60@atguigu",1
"50",58,"b3c6c","M","b3c6c@atguigu",1
"51",59,"d221f","M","d221f@atguigu",1
"52",60,"dcf39","M","dcf39@atguigu",1
"53",61,"8595c","M","8595c@atguigu",1
"54",62,"476e8","M","476e8@atguigu",1
"55",63,"25134","M","25134@atguigu",1
"56",64,"ac5e0","M","ac5e0@atguigu",1
"57",65,"1d564","M","1d564@atguigu",1
"58",66,"4a0df","M","4a0df@atguigu",1
"59",67,"97e70","M","97e70@atguigu",1
"60",68,"f9bcf","M","f9bcf@atguigu",1
"61",69,"9442d","M","9442d@atguigu",1
"62",70,"de080","M","de080@atguigu",1
"63",71,"ab1b8","M","ab1b8@atguigu",1
"64",72,"8d334","M","8d334@atguigu",1
"65",73,"1502d","M","1502d@atguigu",1
"66",74,"ca9a8","M","ca9a8@atguigu",1
"67",75,"ac10b","M","ac10b@atguigu",1
"68",76,"d9a6e","M","d9a6e@atguigu",1
"69",77,"d10c6","M","d10c6@atguigu",1
"70",78,"1fe44","M","1fe44@atguigu",1
"71",79,"72c58","M","72c58@atguigu",1
"72",80,"0c112","M","0c112@atguigu",1
"73",81,"5498f","M","5498f@atguigu",1
"74",82,"5dc04","M","5dc04@atguigu",1
"75",83,"520b8","M","520b8@atguigu",1
"76",84,"386a5","M","386a5@atguigu",1
"77",85,"f8278","M","f8278@atguigu",1
"78",86,"4ad75","M","4ad75@atguigu",1
"79",87,"1f21a","M","1f21a@atguigu",1
"80",88,"ee31f","M","ee31f@atguigu",1
"81",89,"750ff","M","750ff@atguigu",1
"82",90,"55e2c","M","55e2c@atguigu",1
"83",91,"47306","M","47306@atguigu",1
"84",92,"a6f6a","M","a6f6a@atguigu",1
"85",93,"53dec","M","53dec@atguigu",1
"86",94,"83ea1","M","83ea1@atguigu",1
"87",95,"61abe","M","61abe@atguigu",1
"88",96,"895c0","M","895c0@atguigu",1
"89",97,"b08f3","M","b08f3@atguigu",1
"90",98,"ecae9","M","ecae9@atguigu",1
"91",99,"2ad34","M","2ad34@atguigu",1
"92",100,"f20b0","M","f20b0@atguigu",1
"93",101,"98bd3","M","98bd3@atguigu",1
"94",102,"c3500","M","c3500@atguigu",1
"95",103,"f0e56","M","f0e56@atguigu",1
"96",104,"790ed","M","790ed@atguigu",1
"97",105,"eba06","M","eba06@atguigu",1
"98",106,"4c3d2","M","4c3d2@atguigu",1
"99",107,"8b2e2","M","8b2e2@atguigu",1
"100",108,"768a4","M","768a4@atguigu",1
"101",109,"a9000","M","a9000@atguigu",1
"102",110,"96a37","M","96a37@atguigu",1
"103",111,"80838","M","80838@atguigu",1
"104",112,"594ed","M","594ed@atguigu",1
"105",113,"5c481","M","5c481@atguigu",1
"106",114,"8c2cf","M","8c2cf@atguigu",1
"107",115,"078fd","M","078fd@atguigu",1
"108",116,"2b9e2","M","2b9e2@atguigu",1
"109",117,"de0e6","M","de0e6@atguigu",1
"110",118,"42626","M","42626@atguigu",1
"111",119,"45381","M","45381@atguigu",1
"112",120,"bb767","M","bb767@atguigu",1
"113",121,"7ffd0","M","7ffd0@atguigu",1
"114",122,"6b525","M","6b525@atguigu",1
"115",123,"c8c00","M","c8c00@atguigu",1
"116",124,"d0a53","M","d0a53@atguigu",1
"117",125,"a9f54","M","a9f54@atguigu",1
"118",126,"021d3","M","021d3@atguigu",1
"119",127,"87355","M","87355@atguigu",1
"120",128,"fb700","M","fb700@atguigu",1
"121",129,"3918f","M","3918f@atguigu",1
"122",130,"b4901","M","b4901@atguigu",1
"123",131,"8bd2c","M","8bd2c@atguigu",1
"124",132,"693b0","M","693b0@atguigu",1
"125",133,"2bf55","M","2bf55@atguigu",1
"126",134,"60170","M","60170@atguigu",1
"127",135,"4ce31","M","4ce31@atguigu",1
"128",136,"25be8","M","25be8@atguigu",1
"129",137,"1b9f6","M","1b9f6@atguigu",1
"130",138,"412bf","M","412bf@atguigu",1
"131",139,"52cf3","M","52cf3@atguigu",1
"132",140,"ba433","M","ba433@atguigu",1
"133",141,"e24bc","M","e24bc@atguigu",1
"134",142,"7b82b","M","7b82b@atguigu",1
"135",143,"b1401","M","b1401@atguigu",1
"136",144,"dc728","M","dc728@atguigu",1
"137",145,"61a0a","M","61a0a@atguigu",1
"138",146,"dff0a","M","dff0a@atguigu",1
"139",147,"d859c","M","d859c@atguigu",1
"140",148,"8e4ec","M","8e4ec@atguigu",1
"141",149,"016b6","M","016b6@atguigu",1
"142",150,"3be25","M","3be25@atguigu",1
"143",151,"ee117","M","ee117@atguigu",1
"144",152,"def2e","M","def2e@atguigu",1
"145",153,"dc5a5","M","dc5a5@atguigu",1
"146",154,"204ab","M","204ab@atguigu",1
"147",155,"6e24a","M","6e24a@atguigu",1
"148",156,"89c39","M","89c39@atguigu",1
"149",157,"86694","M","86694@atguigu",1
"150",158,"fd677","M","fd677@atguigu",1
"151",159,"8acdf","M","8acdf@atguigu",1
"152",160,"bbd7a","M","bbd7a@atguigu",1
"153",161,"4d29c","M","4d29c@atguigu",1
"154",162,"faadb","M","faadb@atguigu",1
"155",163,"c5e29","M","c5e29@atguigu",1
"156",164,"76151","M","76151@atguigu",1
"157",165,"b14b4","M","b14b4@atguigu",1
"158",166,"65927","M","65927@atguigu",1
"159",167,"d8b82","M","d8b82@atguigu",1
"160",168,"28b70","M","28b70@atguigu",1
"161",169,"d132f","M","d132f@atguigu",1
"162",170,"75161","M","75161@atguigu",1
"163",171,"0b100","M","0b100@atguigu",1
"164",172,"c5b72","M","c5b72@atguigu",1
"165",173,"5b6c0","M","5b6c0@atguigu",1
"166",174,"42fc3","M","42fc3@atguigu",1
"167",175,"ea32f","M","ea32f@atguigu",1
"168",176,"cab86","M","cab86@atguigu",1
"169",177,"32073","M","32073@atguigu",1
"170",178,"42592","M","42592@atguigu",1
"171",179,"9d39a","M","9d39a@atguigu",1
"172",180,"6b88f","M","6b88f@atguigu",1
"173",181,"1d651","M","1d651@atguigu",1
"174",182,"a1708","M","a1708@atguigu",1
"175",183,"d1c2e","M","d1c2e@atguigu",1
"176",184,"81c32","M","81c32@atguigu",1
"177",185,"6cfb8","M","6cfb8@atguigu",1
"178",186,"6740c","M","6740c@atguigu",1
"179",187,"72b4c","M","72b4c@atguigu",1
"180",188,"cca75","M","cca75@atguigu",1
"181",189,"69ad4","M","69ad4@atguigu",1
"182",190,"9f896","M","9f896@atguigu",1
"183",191,"bdbe5","M","bdbe5@atguigu",1
"184",192,"2712f","M","2712f@atguigu",1
"185",193,"60aee","M","60aee@atguigu",1
"186",194,"7c87c","M","7c87c@atguigu",1
"187",195,"b675e","M","b675e@atguigu",1
"188",196,"84c45","M","84c45@atguigu",1
"189",197,"ecf19","M","ecf19@atguigu",1
"190",198,"b08ff","M","b08ff@atguigu",1
"191",199,"9695b","M","9695b@atguigu",1
"192",200,"accd1","M","accd1@atguigu",1
"193",201,"79c30","M","79c30@atguigu",1
"194",202,"844ca","M","844ca@atguigu",1
"195",203,"a233b","M","a233b@atguigu",1
"196",204,"497e6","M","497e6@atguigu",1
"197",205,"c44bd","M","c44bd@atguigu",1
"198",206,"2b326","M","2b326@atguigu",1
"199",207,"ac009","M","ac009@atguigu",1
"200",208,"c27a9","M","c27a9@atguigu",1
"201",209,"275ea","M","275ea@atguigu",1
"202",210,"07dcc","M","07dcc@atguigu",1
"203",211,"bd56d","M","bd56d@atguigu",1
"204",212,"c1037","M","c1037@atguigu",1
"205",213,"49e72","M","49e72@atguigu",1
"206",214,"df7e4","M","df7e4@atguigu",1
"207",215,"21a6b","M","21a6b@atguigu",1
"208",216,"0f56d","M","0f56d@atguigu",1
"209",217,"5a3db","M","5a3db@atguigu",1
"210",218,"9f6e0","M","9f6e0@atguigu",1
"211",219,"ab77c","M","ab77c@atguigu",1
"212",220,"e687d","M","e687d@atguigu",1
"213",221,"bb0f3","M","bb0f3@atguigu",1
"214",222,"2a419","M","2a419@atguigu",1
"215",223,"53b2f","M","53b2f@atguigu",1
"216",224,"49707","M","49707@atguigu",1
"217",225,"b9156","M","b9156@atguigu",1
"218",226,"79edb","M","79edb@atguigu",1
"219",227,"d5a16","M","d5a16@atguigu",1
"220",228,"1842c","M","1842c@atguigu",1
"221",229,"8fc12","M","8fc12@atguigu",1
"222",230,"b8e25","M","b8e25@atguigu",1
"223",231,"9efc6","M","9efc6@atguigu",1
"224",232,"b6005","M","b6005@atguigu",1
"225",233,"9db10","M","9db10@atguigu",1
"226",234,"d6a6f","M","d6a6f@atguigu",1
"227",235,"abf5e","M","abf5e@atguigu",1
"228",236,"cf7b4","M","cf7b4@atguigu",1
"229",237,"2fdd7","M","2fdd7@atguigu",1
"230",238,"4712f","M","4712f@atguigu",1
"231",239,"85efe","M","85efe@atguigu",1
"232",240,"3f2f9","M","3f2f9@atguigu",1
"233",241,"16d55","M","16d55@atguigu",1
"234",242,"dd1d0","M","dd1d0@atguigu",1
"235",243,"511de","M","511de@atguigu",1
"236",244,"2f882","M","2f882@atguigu",1
"237",245,"97231","M","97231@atguigu",1
"238",246,"8d6a1","M","8d6a1@atguigu",1
"239",247,"81771","M","81771@atguigu",1
"240",248,"5f67a","M","5f67a@atguigu",1
"241",249,"597ae","M","597ae@atguigu",1
"242",250,"e1be4","M","e1be4@atguigu",1
"243",251,"66185","M","66185@atguigu",1
"244",252,"f4d6b","M","f4d6b@atguigu",1
"245",253,"6a13e","M","6a13e@atguigu",1
"246",254,"0adb9","M","0adb9@atguigu",1
"247",255,"89c51","M","89c51@atguigu",1
"248",256,"e9e9d","M","e9e9d@atguigu",1
"249",257,"55c67","M","55c67@atguigu",1
"250",258,"95a8c","M","95a8c@atguigu",1
"251",259,"dbcd5","M","dbcd5@atguigu",1
"252",260,"5f7b6","M","5f7b6@atguigu",1
"253",261,"76b24","M","76b24@atguigu",1
"254",262,"289f1","M","289f1@atguigu",1
"255",263,"da73f","M","da73f@atguigu",1
"256",264,"d1e2f","M","d1e2f@atguigu",1
"257",265,"aa738","M","aa738@atguigu",1
"258",266,"f01af","M","f01af@atguigu",1
"259",267,"6b05a","M","6b05a@atguigu",1
"260",268,"88229","M","88229@atguigu",1
"261",269,"120ea","M","120ea@atguigu",1
"262",270,"ff2be","M","ff2be@atguigu",1
"263",271,"4bf8f","M","4bf8f@atguigu",1
"264",272,"fb380","M","fb380@atguigu",1
"265",273,"df311","M","df311@atguigu",1
"266",274,"6b0c1","M","6b0c1@atguigu",1
"267",275,"13bbf","M","13bbf@atguigu",1
"268",276,"6877a","M","6877a@atguigu",1
"269",277,"863a3","M","863a3@atguigu",1
"270",278,"8600d","M","8600d@atguigu",1
"271",279,"1e4a1","M","1e4a1@atguigu",1
"272",280,"961b4","M","961b4@atguigu",1
"273",281,"a519b","M","a519b@atguigu",1
"274",282,"95a18","M","95a18@atguigu",1
"275",283,"b246e","M","b246e@atguigu",1
"276",284,"25ca5","M","25ca5@atguigu",1
"277",285,"5d7fd","M","5d7fd@atguigu",1
"278",286,"e811e","M","e811e@atguigu",1
"279",287,"a3621","M","a3621@atguigu",1
"280",288,"b24ed","M","b24ed@atguigu",1
"281",289,"b99c4","M","b99c4@atguigu",1
"282",290,"8ca0a","M","8ca0a@atguigu",1
"283",291,"d831a","M","d831a@atguigu",1
"284",292,"a2ee6","M","a2ee6@atguigu",1
"285",293,"15e36","M","15e36@atguigu",1
"286",294,"1b41e","M","1b41e@atguigu",1
"287",295,"be46e","M","be46e@atguigu",1
"288",296,"27221","M","27221@atguigu",1
"289",297,"3f79c","M","3f79c@atguigu",1
"290",298,"8399c","M","8399c@atguigu",1
"291",299,"8d247","M","8d247@atguigu",1
"292",300,"f43ed","M","f43ed@atguigu",1
"293",301,"00766","M","00766@atguigu",1
"294",302,"35af0","M","35af0@atguigu",1
"295",303,"f8b4a","M","f8b4a@atguigu",1
"296",304,"0e208","M","0e208@atguigu",1
"297",305,"0481c","M","0481c@atguigu",1
"298",306,"0aada","M","0aada@atguigu",1
"299",307,"00a91","M","00a91@atguigu",1
"300",308,"4f62a","M","4f62a@atguigu",1
"301",309,"345bc","M","345bc@atguigu",1
"302",310,"1e24b","M","1e24b@atguigu",1
"303",311,"bc71c","M","bc71c@atguigu",1
"304",312,"90f8b","M","90f8b@atguigu",1
"305",313,"9d709","M","9d709@atguigu",1
"306",314,"e3007","M","e3007@atguigu",1
"307",315,"bb5b6","M","bb5b6@atguigu",1
"308",316,"ac5de","M","ac5de@atguigu",1
"309",317,"663a8","M","663a8@atguigu",1
"310",318,"fa899","M","fa899@atguigu",1
"311",319,"4f961","M","4f961@atguigu",1
"312",320,"e4a55","M","e4a55@atguigu",1
"313",321,"3e0a0","M","3e0a0@atguigu",1
"314",322,"e895e","M","e895e@atguigu",1
"315",323,"01655","M","01655@atguigu",1
"316",324,"4bb04","M","4bb04@atguigu",1
"317",325,"6310c","M","6310c@atguigu",1
"318",326,"6d806","M","6d806@atguigu",1
"319",327,"a9bc4","M","a9bc4@atguigu",1
"320",328,"d7800","M","d7800@atguigu",1
"321",329,"b1963","M","b1963@atguigu",1
"322",330,"51030","M","51030@atguigu",1
"323",331,"a1d0e","M","a1d0e@atguigu",1
"324",332,"d6abe","M","d6abe@atguigu",1
"325",333,"c4760","M","c4760@atguigu",1
"326",334,"eda85","M","eda85@atguigu",1
"327",335,"36bb6","M","36bb6@atguigu",1
"328",336,"5e265","M","5e265@atguigu",1
"329",337,"d57d5","M","d57d5@atguigu",1
"330",338,"2f1ef","M","2f1ef@atguigu",1
"331",339,"db3da","M","db3da@atguigu",1
"332",340,"7c8d7","M","7c8d7@atguigu",1
"333",341,"02b85","M","02b85@atguigu",1
"334",342,"14ea1","M","14ea1@atguigu",1
"335",343,"eb31e","M","eb31e@atguigu",1
"336",344,"edf87","M","edf87@atguigu",1
"337",345,"a9ee8","M","a9ee8@atguigu",1
"338",346,"2206d","M","2206d@atguigu",1
"339",347,"60d75","M","60d75@atguigu",1
"340",348,"448f1","M","448f1@atguigu",1
"341",349,"b9724","M","b9724@atguigu",1
"342",350,"8a000","M","8a000@atguigu",1
"343",351,"00aa4","M","00aa4@atguigu",1
"344",352,"72e81","M","72e81@atguigu",1
"345",353,"e5fac","M","e5fac@atguigu",1
"346",354,"0d3dd","M","0d3dd@atguigu",1
"347",355,"a8f87","M","a8f87@atguigu",1
"348",356,"4e7ba","M","4e7ba@atguigu",1
"349",357,"fbaf6","M","fbaf6@atguigu",1
"350",358,"b6adf","M","b6adf@atguigu",1
"351",359,"644fd","M","644fd@atguigu",1
"352",360,"decab","M","decab@atguigu",1
"353",361,"d36dd","M","d36dd@atguigu",1
"354",362,"492d7","M","492d7@atguigu",1
"355",363,"bffad","M","bffad@atguigu",1
"356",364,"0d94a","M","0d94a@atguigu",1
"357",365,"bc9de","M","bc9de@atguigu",1
"358",366,"731ad","M","731ad@atguigu",1
"359",367,"3721f","M","3721f@atguigu",1
"360",368,"b565f","M","b565f@atguigu",1
"361",369,"563a1","M","563a1@atguigu",1
"362",370,"97d6c","M","97d6c@atguigu",1
"363",371,"37817","M","37817@atguigu",1
"364",372,"1a29a","M","1a29a@atguigu",1
"365",373,"2c1bf","M","2c1bf@atguigu",1
"366",374,"50e0e","M","50e0e@atguigu",1
"367",375,"5d5d2","M","5d5d2@atguigu",1
"368",376,"daef3","M","daef3@atguigu",1
"369",377,"53cd1","M","53cd1@atguigu",1
"370",378,"017cb","M","017cb@atguigu",1
"371",379,"9d953","M","9d953@atguigu",1
"372",380,"8bf74","M","8bf74@atguigu",1
"373",381,"51af5","M","51af5@atguigu",1
"374",382,"3c7b1","M","3c7b1@atguigu",1
"375",383,"82b5d","M","82b5d@atguigu",1
"376",384,"8aa01","M","8aa01@atguigu",1
"377",385,"d64b1","M","d64b1@atguigu",1
"378",386,"5c924","M","5c924@atguigu",1
"379",387,"e3127","M","e3127@atguigu",1
"380",388,"8b3d5","M","8b3d5@atguigu",1
"381",389,"a4c5e","M","a4c5e@atguigu",1
"382",390,"8b187","M","8b187@atguigu",1
"383",391,"13867","M","13867@atguigu",1
"384",392,"7ea97","M","7ea97@atguigu",1
"385",393,"14b96","M","14b96@atguigu",1
"386",394,"c8a3f","M","c8a3f@atguigu",1
"387",395,"aadbe","M","aadbe@atguigu",1
"388",396,"dd49d","M","dd49d@atguigu",1
"389",397,"d7d62","M","d7d62@atguigu",1
"390",398,"8eec8","M","8eec8@atguigu",1
"391",399,"f9499","M","f9499@atguigu",1
"392",400,"965c7","M","965c7@atguigu",1
"393",401,"eede3","M","eede3@atguigu",1
"394",402,"0ecf5","M","0ecf5@atguigu",1
"395",403,"2400c","M","2400c@atguigu",1
"396",404,"08043","M","08043@atguigu",1
"397",405,"e065f","M","e065f@atguigu",1
"398",406,"913af","M","913af@atguigu",1
"399",407,"fe870","M","fe870@atguigu",1
"400",408,"a9db6","M","a9db6@atguigu",1
"401",409,"39e37","M","39e37@atguigu",1
"402",410,"4d9a0","M","4d9a0@atguigu",1
"403",411,"5402e","M","5402e@atguigu",1
"404",412,"19205","M","19205@atguigu",1
"405",413,"9e9cf","M","9e9cf@atguigu",1
"406",414,"48815","M","48815@atguigu",1
"407",415,"9056b","M","9056b@atguigu",1
"408",416,"be75d","M","be75d@atguigu",1
"409",417,"73de2","M","73de2@atguigu",1
"410",418,"4549f","M","4549f@atguigu",1
"411",419,"cbb8b","M","cbb8b@atguigu",1
"412",420,"b7074","M","b7074@atguigu",1
"413",421,"b2d5c","M","b2d5c@atguigu",1
"414",422,"96e70","M","96e70@atguigu",1
"415",423,"84a67","M","84a67@atguigu",1
"416",424,"f5038","M","f5038@atguigu",1
"417",425,"0131a","M","0131a@atguigu",1
"418",426,"9e346","M","9e346@atguigu",1
"419",427,"93b28","M","93b28@atguigu",1
"420",428,"924ac","M","924ac@atguigu",1
"421",429,"aa3ae","M","aa3ae@atguigu",1
"422",430,"a77ff","M","a77ff@atguigu",1
"423",431,"99615","M","99615@atguigu",1
"424",432,"5ed3a","M","5ed3a@atguigu",1
"425",433,"440a3","M","440a3@atguigu",1
"426",434,"b2ae5","M","b2ae5@atguigu",1
"427",435,"08421","M","08421@atguigu",1
"428",436,"661a1","M","661a1@atguigu",1
"429",437,"a7f14","M","a7f14@atguigu",1
"430",438,"a73c1","M","a73c1@atguigu",1
"431",439,"91806","M","91806@atguigu",1
"432",440,"08fa6","M","08fa6@atguigu",1
"433",441,"4efa2","M","4efa2@atguigu",1
"434",442,"98792","M","98792@atguigu",1
"435",443,"649b2","M","649b2@atguigu",1
"436",444,"f6ebb","M","f6ebb@atguigu",1
"437",445,"bea79","M","bea79@atguigu",1
"438",446,"2c88c","M","2c88c@atguigu",1
"439",447,"0acc7","M","0acc7@atguigu",1
"440",448,"31325","M","31325@atguigu",1
"441",449,"ef31d","M","ef31d@atguigu",1
"442",450,"2d01d","M","2d01d@atguigu",1
"443",451,"90da8","M","90da8@atguigu",1
"444",452,"2807f","M","2807f@atguigu",1
"445",453,"8f905","M","8f905@atguigu",1
"446",454,"a20c1","M","a20c1@atguigu",1
"447",455,"8db25","M","8db25@atguigu",1
"448",456,"89d3a","M","89d3a@atguigu",1
"449",457,"7abde","M","7abde@atguigu",1
"450",458,"9777a","M","9777a@atguigu",1
"451",459,"2a592","M","2a592@atguigu",1
"452",460,"0acf7","M","0acf7@atguigu",1
"453",461,"b494f","M","b494f@atguigu",1
"454",462,"e6a5d","M","e6a5d@atguigu",1
"455",463,"a9772","M","a9772@atguigu",1
"456",464,"fe674","M","fe674@atguigu",1
"457",465,"2daed","M","2daed@atguigu",1
"458",466,"ea8ef","M","ea8ef@atguigu",1
"459",467,"b722b","M","b722b@atguigu",1
"460",468,"fba8c","M","fba8c@atguigu",1
"461",469,"20146","M","20146@atguigu",1
"462",470,"76b1c","M","76b1c@atguigu",1
"463",471,"b23d3","M","b23d3@atguigu",1
"464",472,"c79f2","M","c79f2@atguigu",1
"465",473,"495af","M","495af@atguigu",1
"466",474,"ff594","M","ff594@atguigu",1
"467",475,"a83cc","M","a83cc@atguigu",1
"468",476,"4aa56","M","4aa56@atguigu",1
"469",477,"a8554","M","a8554@atguigu",1
"470",478,"46759","M","46759@atguigu",1
"471",479,"083c7","M","083c7@atguigu",1
"472",480,"fc803","M","fc803@atguigu",1
"473",481,"1b3f0","M","1b3f0@atguigu",1
"474",482,"7d133","M","7d133@atguigu",1
"475",483,"1738f","M","1738f@atguigu",1
"476",484,"a8fbb","M","a8fbb@atguigu",1
"477",485,"6ceed","M","6ceed@atguigu",1
"478",486,"91323","M","91323@atguigu",1
"479",487,"c5495","M","c5495@atguigu",1
"480",488,"56ba4","M","56ba4@atguigu",1
"481",489,"3e8a8","M","3e8a8@atguigu",1
"482",490,"fed43","M","fed43@atguigu",1
"483",491,"1d3f5","M","1d3f5@atguigu",1
"484",492,"6fd83","M","6fd83@atguigu",1
"485",493,"1e9cd","M","1e9cd@atguigu",1
"486",494,"1fad2","M","1fad2@atguigu",1
"487",495,"6e5b2","M","6e5b2@atguigu",1
"488",496,"b3eb0","M","b3eb0@atguigu",1
"489",497,"002c2","M","002c2@atguigu",1
"490",498,"1cf64","M","1cf64@atguigu",1
"491",499,"a1100","M","a1100@atguigu",1
"492",500,"c615f","M","c615f@atguigu",1
"493",501,"901fc","M","901fc@atguigu",1
"494",502,"90339","M","90339@atguigu",1
"495",503,"ec833","M","ec833@atguigu",1
"496",504,"7bdec","M","7bdec@atguigu",1
"497",505,"bcb05","M","bcb05@atguigu",1
"498",506,"141d7","M","141d7@atguigu",1
"499",507,"a45c0","M","a45c0@atguigu",1
"500",508,"b9da9","M","b9da9@atguigu",1
"501",509,"b32d4","M","b32d4@atguigu",1
"502",510,"ee3ee","M","ee3ee@atguigu",1
"503",511,"537f1","M","537f1@atguigu",1
"504",512,"c16dd","M","c16dd@atguigu",1
"505",513,"fc249","M","fc249@atguigu",1
"506",514,"fe518","M","fe518@atguigu",1
"507",515,"0a542","M","0a542@atguigu",1
"508",516,"a840c","M","a840c@atguigu",1
"509",517,"e94f6","M","e94f6@atguigu",1
"510",518,"8ef9c","M","8ef9c@atguigu",1
"511",519,"4b707","M","4b707@atguigu",1
"512",520,"54890","M","54890@atguigu",1
"513",521,"ea0d5","M","ea0d5@atguigu",1
"514",522,"d8c73","M","d8c73@atguigu",1
"515",523,"d14c0","M","d14c0@atguigu",1
"516",524,"28736","M","28736@atguigu",1
"517",525,"eff04","M","eff04@atguigu",1
"518",526,"e7bf9","M","e7bf9@atguigu",1
"519",527,"2fa8b","M","2fa8b@atguigu",1
"520",528,"7d477","M","7d477@atguigu",1
"521",529,"4585b","M","4585b@atguigu",1
"522",530,"b2a4e","M","b2a4e@atguigu",1
"523",531,"eb07a","M","eb07a@atguigu",1
"524",532,"c2b6e","M","c2b6e@atguigu",1
"525",533,"f3565","M","f3565@atguigu",1
"526",534,"ea8bf","M","ea8bf@atguigu",1
"527",535,"db94a","M","db94a@atguigu",1
"528",536,"e0845","M","e0845@atguigu",1
"529",537,"6fd64","M","6fd64@atguigu",1
"530",538,"44b11","M","44b11@atguigu",1
"531",539,"35b97","M","35b97@atguigu",1
"532",540,"fdb17","M","fdb17@atguigu",1
"533",541,"bc723","M","bc723@atguigu",1
"534",542,"3197e","M","3197e@atguigu",1
"535",543,"5f475","M","5f475@atguigu",1
"536",544,"5ebc3","M","5ebc3@atguigu",1
"537",545,"092a9","M","092a9@atguigu",1
"538",546,"d7c70","M","d7c70@atguigu",1
"539",547,"fd12e","M","fd12e@atguigu",1
"540",548,"106dc","M","106dc@atguigu",1
"541",549,"4b123","M","4b123@atguigu",1
"542",550,"0a028","M","0a028@atguigu",1
"543",551,"052f7","M","052f7@atguigu",1
"544",552,"6dd00","M","6dd00@atguigu",1
"545",553,"677e5","M","677e5@atguigu",1
"546",554,"451f2","M","451f2@atguigu",1
"547",555,"009da","M","009da@atguigu",1
"548",556,"80512","M","80512@atguigu",1
"549",557,"cab84","M","cab84@atguigu",1
"550",558,"c6c90","M","c6c90@atguigu",1
"551",559,"442b2","M","442b2@atguigu",1
"552",560,"1d98a","M","1d98a@atguigu",1
"553",561,"f810f","M","f810f@atguigu",1
"554",562,"f76d4","M","f76d4@atguigu",1
"555",563,"aba29","M","aba29@atguigu",1
"556",564,"e02e5","M","e02e5@atguigu",1
"557",565,"3e563","M","3e563@atguigu",1
"558",566,"888b1","M","888b1@atguigu",1
"559",567,"15322","M","15322@atguigu",1
"560",568,"bce84","M","bce84@atguigu",1
"561",569,"cc1a3","M","cc1a3@atguigu",1
"562",570,"6a490","M","6a490@atguigu",1
"563",571,"238a7","M","238a7@atguigu",1
"564",572,"c2e55","M","c2e55@atguigu",1
"565",573,"a3d8a","M","a3d8a@atguigu",1
"566",574,"49fa6","M","49fa6@atguigu",1
"567",575,"aceaa","M","aceaa@atguigu",1
"568",576,"4c219","M","4c219@atguigu",1
"569",577,"97845","M","97845@atguigu",1
"570",578,"c8936","M","c8936@atguigu",1
"571",579,"8df96","M","8df96@atguigu",1
"572",580,"1be51","M","1be51@atguigu",1
"573",581,"19b3a","M","19b3a@atguigu",1
"574",582,"c14c9","M","c14c9@atguigu",1
"575",583,"35103","M","35103@atguigu",1
"576",584,"6ba34","M","6ba34@atguigu",1
"577",585,"8419f","M","8419f@atguigu",1
"578",586,"1315e","M","1315e@atguigu",1
"579",587,"d8df4","M","d8df4@atguigu",1
"580",588,"30bad","M","30bad@atguigu",1
"581",589,"01256","M","01256@atguigu",1
"582",590,"3fcc8","M","3fcc8@atguigu",1
"583",591,"1b5fd","M","1b5fd@atguigu",1
"584",592,"3ee75","M","3ee75@atguigu",1
"585",593,"f7355","M","f7355@atguigu",1
"586",594,"0f052","M","0f052@atguigu",1
"587",595,"740d3","M","740d3@atguigu",1
"588",596,"688ec","M","688ec@atguigu",1
"589",597,"9cf53","M","9cf53@atguigu",1
"590",598,"962e1","M","962e1@atguigu",1
"591",599,"62c4b","M","62c4b@atguigu",1
"592",600,"a6afa","M","a6afa@atguigu",1
"593",601,"63f82","M","63f82@atguigu",1
"594",602,"15af0","M","15af0@atguigu",1
"595",603,"ecd15","M","ecd15@atguigu",1
"596",604,"85829","M","85829@atguigu",1
"597",605,"bbc7e","M","bbc7e@atguigu",1
"598",606,"9c9e7","M","9c9e7@atguigu",1
"599",607,"ae327","M","ae327@atguigu",1
"600",608,"3c603","M","3c603@atguigu",1
"601",609,"87b1d","M","87b1d@atguigu",1
"602",610,"28b8e","M","28b8e@atguigu",1
"603",611,"1b80e","M","1b80e@atguigu",1
"604",612,"8b81d","M","8b81d@atguigu",1
"605",613,"404ae","M","404ae@atguigu",1
"606",614,"5ab40","M","5ab40@atguigu",1
"607",615,"8cef5","M","8cef5@atguigu",1
"608",616,"133fb","M","133fb@atguigu",1
"609",617,"05d2b","M","05d2b@atguigu",1
"610",618,"de29f","M","de29f@atguigu",1
"611",619,"847ef","M","847ef@atguigu",1
"612",620,"a90a4","M","a90a4@atguigu",1
"613",621,"b7881","M","b7881@atguigu",1
"614",622,"ce654","M","ce654@atguigu",1
"615",623,"3bcf4","M","3bcf4@atguigu",1
"616",624,"79de1","M","79de1@atguigu",1
"617",625,"85710","M","85710@atguigu",1
"618",626,"f6223","M","f6223@atguigu",1
"619",627,"2c58d","M","2c58d@atguigu",1
"620",628,"9c6ec","M","9c6ec@atguigu",1
"621",629,"50200","M","50200@atguigu",1
"622",630,"416b2","M","416b2@atguigu",1
"623",631,"f8736","M","f8736@atguigu",1
"624",632,"bc2ca","M","bc2ca@atguigu",1
"625",633,"5ba17","M","5ba17@atguigu",1
"626",634,"0bca6","M","0bca6@atguigu",1
"627",635,"8413f","M","8413f@atguigu",1
"628",636,"756b7","M","756b7@atguigu",1
"629",637,"a13e7","M","a13e7@atguigu",1
"630",638,"4c7c3","M","4c7c3@atguigu",1
"631",639,"5c0f4","M","5c0f4@atguigu",1
"632",640,"55879","M","55879@atguigu",1
"633",641,"17432","M","17432@atguigu",1
"634",642,"00021","M","00021@atguigu",1
"635",643,"44f50","M","44f50@atguigu",1
"636",644,"912df","M","912df@atguigu",1
"637",645,"4fc92","M","4fc92@atguigu",1
"638",646,"3eb18","M","3eb18@atguigu",1
"639",647,"51153","M","51153@atguigu",1
"640",648,"945a3","M","945a3@atguigu",1
"641",649,"d2c85","M","d2c85@atguigu",1
"642",650,"63f8a","M","63f8a@atguigu",1
"643",651,"1691d","M","1691d@atguigu",1
"644",652,"18fca","M","18fca@atguigu",1
"645",653,"5f7c3","M","5f7c3@atguigu",1
"646",654,"f838b","M","f838b@atguigu",1
"647",655,"86fd7","M","86fd7@atguigu",1
"648",656,"401e6","M","401e6@atguigu",1
"649",657,"3797e","M","3797e@atguigu",1
"650",658,"41ce5","M","41ce5@atguigu",1
"651",659,"bfa5b","M","bfa5b@atguigu",1
"652",660,"026ad","M","026ad@atguigu",1
"653",661,"4c3f3","M","4c3f3@atguigu",1
"654",662,"1f961","M","1f961@atguigu",1
"655",663,"5640b","M","5640b@atguigu",1
"656",664,"d4806","M","d4806@atguigu",1
"657",665,"7f15a","M","7f15a@atguigu",1
"658",666,"b933c","M","b933c@atguigu",1
"659",667,"6941a","M","6941a@atguigu",1
"660",668,"9339d","M","9339d@atguigu",1
"661",669,"0e896","M","0e896@atguigu",1
"662",670,"d0483","M","d0483@atguigu",1
"663",671,"30f69","M","30f69@atguigu",1
"664",672,"c8987","M","c8987@atguigu",1
"665",673,"15076","M","15076@atguigu",1
"666",674,"2f276","M","2f276@atguigu",1
"667",675,"23726","M","23726@atguigu",1
"668",676,"bd117","M","bd117@atguigu",1
"669",677,"46c8a","M","46c8a@atguigu",1
"670",678,"df2a9","M","df2a9@atguigu",1
"671",679,"8cbf3","M","8cbf3@atguigu",1
"672",680,"2ac15","M","2ac15@atguigu",1
"673",681,"56917","M","56917@atguigu",1
"674",682,"f22fe","M","f22fe@atguigu",1
"675",683,"23500","M","23500@atguigu",1
"676",684,"0ff33","M","0ff33@atguigu",1
"677",685,"e2ea7","M","e2ea7@atguigu",1
"678",686,"c81f9","M","c81f9@atguigu",1
"679",687,"9e1cc","M","9e1cc@atguigu",1
"680",688,"7885b","M","7885b@atguigu",1
"681",689,"430dd","M","430dd@atguigu",1
"682",690,"09568","M","09568@atguigu",1
"683",691,"21807","M","21807@atguigu",1
"684",692,"b9c05","M","b9c05@atguigu",1
"685",693,"c4a5d","M","c4a5d@atguigu",1
"686",694,"159b0","M","159b0@atguigu",1
"687",695,"4e4ec","M","4e4ec@atguigu",1
"688",696,"cf2e8","M","cf2e8@atguigu",1
"689",697,"aa221","M","aa221@atguigu",1
"690",698,"3d7a5","M","3d7a5@atguigu",1
"691",699,"e9440","M","e9440@atguigu",1
"692",700,"0bc43","M","0bc43@atguigu",1
"693",701,"3c7f6","M","3c7f6@atguigu",1
"694",702,"6ee42","M","6ee42@atguigu",1
"695",703,"4aad9","M","4aad9@atguigu",1
"696",704,"6cc3f","M","6cc3f@atguigu",1
"697",705,"e5c2e","M","e5c2e@atguigu",1
"698",706,"9aa1f","M","9aa1f@atguigu",1
"699",707,"e2b23","M","e2b23@atguigu",1
"700",708,"94cdc","M","94cdc@atguigu",1
"701",709,"b38a3","M","b38a3@atguigu",1
"702",710,"8c1eb","M","8c1eb@atguigu",1
"703",711,"a8dee","M","a8dee@atguigu",1
"704",712,"05739","M","05739@atguigu",1
"705",713,"a429c","M","a429c@atguigu",1
"706",714,"8c16d","M","8c16d@atguigu",1
"707",715,"7f730","M","7f730@atguigu",1
"708",716,"efc2a","M","efc2a@atguigu",1
"709",717,"73ae0","M","73ae0@atguigu",1
"710",718,"0563c","M","0563c@atguigu",1
"711",719,"7ec6c","M","7ec6c@atguigu",1
"712",720,"fa8c5","M","fa8c5@atguigu",1
"713",721,"b467c","M","b467c@atguigu",1
"714",722,"1e346","M","1e346@atguigu",1
"715",723,"448a0","M","448a0@atguigu",1
"716",724,"81e10","M","81e10@atguigu",1
"717",725,"0a749","M","0a749@atguigu",1
"718",726,"48137","M","48137@atguigu",1
"719",727,"d81f0","M","d81f0@atguigu",1
"720",728,"6598f","M","6598f@atguigu",1
"721",729,"3882d","M","3882d@atguigu",1
"722",730,"56518","M","56518@atguigu",1
"723",731,"b371f","M","b371f@atguigu",1
"724",732,"2c547","M","2c547@atguigu",1
"725",733,"ba450","M","ba450@atguigu",1
"726",734,"d0f10","M","d0f10@atguigu",1
"727",735,"74276","M","74276@atguigu",1
"728",736,"200cf","M","200cf@atguigu",1
"729",737,"ae066","M","ae066@atguigu",1
"730",738,"29dbf","M","29dbf@atguigu",1
"731",739,"58d91","M","58d91@atguigu",1
"732",740,"92938","M","92938@atguigu",1
"733",741,"7e3bd","M","7e3bd@atguigu",1
"734",742,"56dbf","M","56dbf@atguigu",1
"735",743,"8d2af","M","8d2af@atguigu",1
"736",744,"96076","M","96076@atguigu",1
"737",745,"c4d32","M","c4d32@atguigu",1
"738",746,"fc19f","M","fc19f@atguigu",1
"739",747,"fd950","M","fd950@atguigu",1
"740",748,"5e40a","M","5e40a@atguigu",1
"741",749,"1d85b","M","1d85b@atguigu",1
"742",750,"f8827","M","f8827@atguigu",1
"743",751,"cd4ed","M","cd4ed@atguigu",1
"744",752,"0f13f","M","0f13f@atguigu",1
"745",753,"6d085","M","6d085@atguigu",1
"746",754,"ef855","M","ef855@atguigu",1
"747",755,"760d5","M","760d5@atguigu",1
"748",756,"15642","M","15642@atguigu",1
"749",757,"b8d63","M","b8d63@atguigu",1
"750",758,"f693a","M","f693a@atguigu",1
"751",759,"a6136","M","a6136@atguigu",1
"752",760,"06997","M","06997@atguigu",1
"753",761,"b6694","M","b6694@atguigu",1
"754",762,"db805","M","db805@atguigu",1
"755",763,"70a2d","M","70a2d@atguigu",1
"756",764,"0b0b4","M","0b0b4@atguigu",1
"757",765,"8a733","M","8a733@atguigu",1
"758",766,"489d7","M","489d7@atguigu",1
"759",767,"a03eb","M","a03eb@atguigu",1
"760",768,"ca17b","M","ca17b@atguigu",1
"761",769,"125a0","M","125a0@atguigu",1
"762",770,"35f4d","M","35f4d@atguigu",1
"763",771,"a4bc6","M","a4bc6@atguigu",1
"764",772,"5a6db","M","5a6db@atguigu",1
"765",773,"a393d","M","a393d@atguigu",1
"766",774,"0ae3b","M","0ae3b@atguigu",1
"767",775,"c03ae","M","c03ae@atguigu",1
"768",776,"58dee","M","58dee@atguigu",1
"769",777,"126d1","M","126d1@atguigu",1
"770",778,"4a20d","M","4a20d@atguigu",1
"771",779,"2dcc9","M","2dcc9@atguigu",1
"772",780,"25d50","M","25d50@atguigu",1
"773",781,"8116a","M","8116a@atguigu",1
"774",782,"97161","M","97161@atguigu",1
"775",783,"8ddaf","M","8ddaf@atguigu",1
"776",784,"5a952","M","5a952@atguigu",1
"777",785,"67552","M","67552@atguigu",1
"778",786,"954ed","M","954ed@atguigu",1
"779",787,"3f55e","M","3f55e@atguigu",1
"780",788,"cfad9","M","cfad9@atguigu",1
"781",789,"140fd","M","140fd@atguigu",1
"782",790,"3bc1c","M","3bc1c@atguigu",1
"783",791,"81beb","M","81beb@atguigu",1
"784",792,"56c6f","M","56c6f@atguigu",1
"785",793,"e930c","M","e930c@atguigu",1
"786",794,"e4054","M","e4054@atguigu",1
"787",795,"93232","M","93232@atguigu",1
"788",796,"c48fc","M","c48fc@atguigu",1
"789",797,"8024d","M","8024d@atguigu",1
"790",798,"8efad","M","8efad@atguigu",1
"791",799,"3d1d0","M","3d1d0@atguigu",1
"792",800,"acc90","M","acc90@atguigu",1
"793",801,"729f8","M","729f8@atguigu",1
"794",802,"1b98a","M","1b98a@atguigu",1
"795",803,"622b3","M","622b3@atguigu",1
"796",804,"f5b3c","M","f5b3c@atguigu",1
"797",805,"96a7d","M","96a7d@atguigu",1
"798",806,"3ac1f","M","3ac1f@atguigu",1
"799",807,"3c181","M","3c181@atguigu",1
"800",808,"62fad","M","62fad@atguigu",1
"801",809,"3e4ef","M","3e4ef@atguigu",1
"802",810,"882e8","M","882e8@atguigu",1
"803",811,"92619","M","92619@atguigu",1
"804",812,"d8f96","M","d8f96@atguigu",1
"805",813,"3d7db","M","3d7db@atguigu",1
"806",814,"8f552","M","8f552@atguigu",1
"807",815,"6453e","M","6453e@atguigu",1
"808",816,"9b2cf","M","9b2cf@atguigu",1
"809",817,"da8a5","M","da8a5@atguigu",1
"810",818,"03261","M","03261@atguigu",1
"811",819,"b361e","M","b361e@atguigu",1
"812",820,"4df94","M","4df94@atguigu",1
"813",821,"c8181","M","c8181@atguigu",1
"814",822,"14456","M","14456@atguigu",1
"815",823,"bb422","M","bb422@atguigu",1
"816",824,"d00c3","M","d00c3@atguigu",1
"817",825,"70eb0","M","70eb0@atguigu",1
"818",826,"39b08","M","39b08@atguigu",1
"819",827,"f81ae","M","f81ae@atguigu",1
"820",828,"98785","M","98785@atguigu",1
"821",829,"8865f","M","8865f@atguigu",1
"822",830,"93f29","M","93f29@atguigu",1
"823",831,"86b62","M","86b62@atguigu",1
"824",832,"325bc","M","325bc@atguigu",1
"825",833,"1738a","M","1738a@atguigu",1
"826",834,"37e03","M","37e03@atguigu",1
"827",835,"02067","M","02067@atguigu",1
"828",836,"baf3d","M","baf3d@atguigu",1
"829",837,"af422","M","af422@atguigu",1
"830",838,"9b75c","M","9b75c@atguigu",1
"831",839,"d5094","M","d5094@atguigu",1
"832",840,"db813","M","db813@atguigu",1
"833",841,"8d62d","M","8d62d@atguigu",1
"834",842,"692fc","M","692fc@atguigu",1
"835",843,"b6fcb","M","b6fcb@atguigu",1
"836",844,"c3123","M","c3123@atguigu",1
"837",845,"08d2f","M","08d2f@atguigu",1
"838",846,"a5fc0","M","a5fc0@atguigu",1
"839",847,"72602","M","72602@atguigu",1
"840",848,"269cf","M","269cf@atguigu",1
"841",849,"59052","M","59052@atguigu",1
"842",850,"8ea1e","M","8ea1e@atguigu",1
"843",851,"0255a","M","0255a@atguigu",1
"844",852,"2a6b2","M","2a6b2@atguigu",1
"845",853,"6a682","M","6a682@atguigu",1
"846",854,"a273e","M","a273e@atguigu",1
"847",855,"11b86","M","11b86@atguigu",1
"848",856,"95020","M","95020@atguigu",1
"849",857,"d194a","M","d194a@atguigu",1
"850",858,"364d6","M","364d6@atguigu",1
"851",859,"6e3d9","M","6e3d9@atguigu",1
"852",860,"abacd","M","abacd@atguigu",1
"853",861,"82c60","M","82c60@atguigu",1
"854",862,"c37fc","M","c37fc@atguigu",1
"855",863,"06e2c","M","06e2c@atguigu",1
"856",864,"7dcd2","M","7dcd2@atguigu",1
"857",865,"4c9bc","M","4c9bc@atguigu",1
"858",866,"7aa83","M","7aa83@atguigu",1
"859",867,"d6487","M","d6487@atguigu",1
"860",868,"5efb7","M","5efb7@atguigu",1
"861",869,"47950","M","47950@atguigu",1
"862",870,"fc569","M","fc569@atguigu",1
"863",871,"f21df","M","f21df@atguigu",1
"864",872,"475ab","M","475ab@atguigu",1
"865",873,"b123f","M","b123f@atguigu",1
"866",874,"c87ff","M","c87ff@atguigu",1
"867",875,"ba22e","M","ba22e@atguigu",1
"868",876,"0d38d","M","0d38d@atguigu",1
"869",877,"e7635","M","e7635@atguigu",1
"870",878,"c7f43","M","c7f43@atguigu",1
"871",879,"22bbd","M","22bbd@atguigu",1
"872",880,"2e90b","M","2e90b@atguigu",1
"873",881,"efdd5","M","efdd5@atguigu",1
"874",882,"32b83","M","32b83@atguigu",1
"875",883,"d451e","M","d451e@atguigu",1
"876",884,"5dec7","M","5dec7@atguigu",1
"877",885,"05bea","M","05bea@atguigu",1
"878",886,"c2b13","M","c2b13@atguigu",1
"879",887,"2fcfc","M","2fcfc@atguigu",1
"880",888,"dbabf","M","dbabf@atguigu",1
"881",889,"dd540","M","dd540@atguigu",1
"882",890,"069a6","M","069a6@atguigu",1
"883",891,"f33df","M","f33df@atguigu",1
"884",892,"e08f6","M","e08f6@atguigu",1
"885",893,"b76c1","M","b76c1@atguigu",1
"886",894,"2621c","M","2621c@atguigu",1
"887",895,"1f1a2","M","1f1a2@atguigu",1
"888",896,"33061","M","33061@atguigu",1
"889",897,"d0131","M","d0131@atguigu",1
"890",898,"c108f","M","c108f@atguigu",1
"891",899,"ea08a","M","ea08a@atguigu",1
"892",900,"64511","M","64511@atguigu",1
"893",901,"dfcb6","M","dfcb6@atguigu",1
"894",902,"3e32e","M","3e32e@atguigu",1
"895",903,"11dd7","M","11dd7@atguigu",1
"896",904,"c64f2","M","c64f2@atguigu",1
"897",905,"a311a","M","a311a@atguigu",1
"898",906,"114a3","M","114a3@atguigu",1
"899",907,"599cb","M","599cb@atguigu",1
"900",908,"154b7","M","154b7@atguigu",1
"901",909,"0146b","M","0146b@atguigu",1
"902",910,"744b0","M","744b0@atguigu",1
"903",911,"71884","M","71884@atguigu",1
"904",912,"1ddfc","M","1ddfc@atguigu",1
"905",913,"64f66","M","64f66@atguigu",1
"906",914,"2316d","M","2316d@atguigu",1
"907",915,"fd72c","M","fd72c@atguigu",1
"908",916,"daf70","M","daf70@atguigu",1
"909",917,"9ba18","M","9ba18@atguigu",1
"910",918,"3a6b4","M","3a6b4@atguigu",1
"911",919,"07c9a","M","07c9a@atguigu",1
"912",920,"45991","M","45991@atguigu",1
"913",921,"3ad40","M","3ad40@atguigu",1
"914",922,"c59b6","M","c59b6@atguigu",1
"915",923,"c9e5e","M","c9e5e@atguigu",1
"916",924,"333eb","M","333eb@atguigu",1
"917",925,"45926","M","45926@atguigu",1
"918",926,"8c68e","M","8c68e@atguigu",1
"919",927,"5fdb7","M","5fdb7@atguigu",1
"920",928,"5e94f","M","5e94f@atguigu",1
"921",929,"818b4","M","818b4@atguigu",1
"922",930,"a59b8","M","a59b8@atguigu",1
"923",931,"8d316","M","8d316@atguigu",1
"924",932,"99631","M","99631@atguigu",1
"925",933,"3df5f","M","3df5f@atguigu",1
"926",934,"d453d","M","d453d@atguigu",1
"927",935,"07c05","M","07c05@atguigu",1
"928",936,"7c1b0","M","7c1b0@atguigu",1
"929",937,"51fb0","M","51fb0@atguigu",1
"930",938,"4dce1","M","4dce1@atguigu",1
"931",939,"fc73a","M","fc73a@atguigu",1
"932",940,"a099d","M","a099d@atguigu",1
"933",941,"cb616","M","cb616@atguigu",1
"934",942,"ae98c","M","ae98c@atguigu",1
"935",943,"caa98","M","caa98@atguigu",1
"936",944,"9500f","M","9500f@atguigu",1
"937",945,"4d4a1","M","4d4a1@atguigu",1
"938",946,"23bc8","M","23bc8@atguigu",1
"939",947,"a45df","M","a45df@atguigu",1
"940",948,"48b2a","M","48b2a@atguigu",1
"941",949,"5be96","M","5be96@atguigu",1
"942",950,"2fb98","M","2fb98@atguigu",1
"943",951,"03ad7","M","03ad7@atguigu",1
"944",952,"83a96","M","83a96@atguigu",1
"945",953,"95c5c","M","95c5c@atguigu",1
"946",954,"93f4c","M","93f4c@atguigu",1
"947",955,"f4d8b","M","f4d8b@atguigu",1
"948",956,"fe2e6","M","fe2e6@atguigu",1
"949",957,"b7e27","M","b7e27@atguigu",1
"950",958,"d1b7d","M","d1b7d@atguigu",1
"951",959,"d5872","M","d5872@atguigu",1
"952",960,"52c26","M","52c26@atguigu",1
"953",961,"8ec03","M","8ec03@atguigu",1
"954",962,"18120","M","18120@atguigu",1
"955",963,"61798","M","61798@atguigu",1
"956",964,"d1654","M","d1654@atguigu",1
"957",965,"47a6c","M","47a6c@atguigu",1
"958",966,"3d4df","M","3d4df@atguigu",1
"959",967,"78949","M","78949@atguigu",1
"960",968,"6aaec","M","6aaec@atguigu",1
"961",969,"93cd1","M","93cd1@atguigu",1
"962",970,"53453","M","53453@atguigu",1
"963",971,"5dfd2","M","5dfd2@atguigu",1
"964",972,"267de","M","267de@atguigu",1
"965",973,"a6ad2","M","a6ad2@atguigu",1
"966",974,"b98ca","M","b98ca@atguigu",1
"967",975,"66089","M","66089@atguigu",1
"968",976,"52d3c","M","52d3c@atguigu",1
"969",977,"d63c8","M","d63c8@atguigu",1
"970",978,"5875b","M","5875b@atguigu",1
"971",979,"865c6","M","865c6@atguigu",1
"972",980,"e0278","M","e0278@atguigu",1
"973",981,"7ebc9","M","7ebc9@atguigu",1
"974",982,"1955a","M","1955a@atguigu",1
"975",983,"5abbb","M","5abbb@atguigu",1
"976",984,"13a7f","M","13a7f@atguigu",1
"977",985,"a4bde","M","a4bde@atguigu",1
"978",986,"ea078","M","ea078@atguigu",1
"979",987,"9cec6","M","9cec6@atguigu",1
"980",988,"1b049","M","1b049@atguigu",1
"981",989,"28cf5","M","28cf5@atguigu",1
"982",990,"cfe93","M","cfe93@atguigu",1
"983",991,"21522","M","21522@atguigu",1
"984",992,"8c766","M","8c766@atguigu",1
"985",993,"38bf8","M","38bf8@atguigu",1
"986",994,"dfd2f","M","dfd2f@atguigu",1
"987",995,"e939d","M","e939d@atguigu",1
"988",996,"8a529","M","8a529@atguigu",1
"989",997,"fa8ab","M","fa8ab@atguigu",1
"990",998,"f6ec2","M","f6ec2@atguigu",1
"991",999,"73e5c","M","73e5c@atguigu",1
"992",1000,"ddff3","M","ddff3@atguigu",1
"993",1001,"c3113","M","c3113@atguigu",1
"994",1002,"90d9c","M","90d9c@atguigu",1
"995",1003,"111","M","111",1
"996",1004,"111","M","111",1
"997",1005,"111","M","111",1
"998",1006,"111","M","111",1
"999",1007,"111","M","111",1
"1000",1008,"test","F","test@qq.com",1
"1001",1009,"test","F","test@qq.com",1
"1002",1010,"test","F","test@qq.com",1
"1003",1011,"test","F","test@qq.com",1
"1004",1012,"test1","F","test@qq.com",1
"1005",1013,"test1","F","test@qq.com",1
"1006",1014,"aaa、","F","test@qq.com",1
"1007",1015,"aaa","F","test@qq.com",1
"1008",1016,"aaa","F","test@qq.com",1
"1009",1017,"aaa","F","test@qq.com",1
"1010",1018,"aaaaaa","F","123@qq.com",1
"1011",1019,"66666","F","123@qq.com",1
"1012",1020,"66666","F","123@qq.com",1
"1013",1021,"666667777","M","11123@qq.com",1
"1014",1022,"666667333","M","11123@qq.com",1
"1015",1023,"666667333","M","11123@qq.com",1
"1016",1024,"666667333","F","11123@qq.com",1
"1017",1025,"666667333","F","11123@qq.com",1
"1018",1026,"aaaaaaa","M","aaa@qq.com",1
"1019",1027,"9699997","M","999@qq.com",1
"1020",1028,"aaaaaaa","M","aaaa@qq.com",1
"1021",1029,"aaaaaaaa","M","aaa@qq.com",1
"1022",1030,"111111","M","1111@q11.com",1
"1023",1031,"aaa1213134","M","aaa@qq.com",1
"1024",1032,"12311111","M","1111@1111.com",2
"1025",1033,"121313","M","131313@qq.com",1
"1026",1034,"张三","M","123@qq.com",1
"1027",1035,"张三","M","1111@qq.com",1
"1028",1036,"张三","M","111@qq.com",1
"1029",1037,"张三","M","aa@143.com",1
"1030",1038,"张三","M","11@11.com",1
"1031",1039,"张三","M","11@qq.com",1
"1032",1040,"张三","M","66666a@qq.com",1
"1033",1041,"张三","M","11@11.com",1
"1034",1042,"张三","M","11@qq.cpm",1
"1035",1043,"张三","M","11@1.com",1
"1036",1044,"张三","M","aaa@qq.com",1
"1037",1045,"张三","M","1233333@qq.conm",1
"1038",1046,"1111111","F","111a@qq.com",1
